[{"documentName": "1_2022-05-16_16:02:01.6.txt", "document": "UROCORPORATION\nCONSULENZAE GESTIONE RIFIUTI\nPER AUTISTA\nPER UFFICIO\nPRODUTTORE\n2G2 SRL\nCLIENTE\n2G2 SRL\nUnit. Loc.\nVIA VOLTA 29 50041 CALENZANO (FI)\nOperatore\nTommaso Orlandini - Mob. 393 8849987\nReferente\nBEATRICE -\nCF Produttore\n05205580482\nTelefono\n0558826364\nEmail Cliente\n2g2srl@2g2srl.it\nData Richiesta\n20/01/2022\nOrario richiesta\n15:00\nEmail Produttore\n2g2srl@2g2srl.it\nORARI\nZTL\nMattina\nDalle\n08:00\nAlle\n12:00\nPER LA LOGISTICA:\nPomeriggio\nDalle\n13:00\nAlle\n07:00\nSCHEDA FATTA DA NATALIA.\nCHIAMARE PER COMUNICARE GIORNO E ORARIO.\nVEICOLO RICHIESTO\nMEZZO IN OFFERTA: SPONDA 10 PP.\nAUTISTA CHE AIUTA IL CLIENTE AL CARICO SEGNARE ATTESA.\nPORTARE TRANSPALLET + ETICHETTE + NR 2 CASSE PER\nTRASPORTO.\nCONSEGNA NR 1 BB ONU + NR 2 FUSTI ONU 30LT CON DDT DI\nVENDITA.\nTipologia rifiuto\nCER\nDESCRIZIONE\nSF\nADR\nAssorbenti, materiali filtranti, stracci e indumenti protettivi, contaminati da\n150202\nSolido non pulverulento\nsostanze pericolose\nClasse Pericolo:\nHP4-HP5\nDestino:\nR13\nConfezionamento:\nNR 1 BB ONU DA CONFEZIONARE AL MOMENTO DEL RITIRO\nDestinazione:\nEUROCORPORATION\n040222\nRifiuti da fibre tessili lavorate\nSolido non pulverulento\nClasse Pericolo:\nDestino:\nR13\nConfezionamento:\nNR 5 PALLET\nDestinazione:\nEUROCORPORATION\n170405.\nFerro e Acciaio\nSolido non pulverulento\nClasse Pericolo:\nDestino:\nR13\nConfezionamento:\nNR 1 SCATOLA\nDestinazione:\nEUROCORPORATION\n170904\nMisti da demolizione non pericolosi non cernitabili\nSolido non pulverulento\nClasse Pericolo:\nDestino:\nR13\nConfezionamento:\nNR 16 SACCHI GRANDI\nDestinazione:\nEUROCORPORATION\nEUROCORPORATION S.r.l. C.F. P.iva 05235640488 R.E.A. 531452 Capitale Sociale € 100.000,000\nVia de' Cattani 178 - 50145 Firenze / Tel. 055 7222419 Fax 055 7227520\ninfo@eurocorporation.it / info@pec.eurocorporation.it www.eurocorporation.it\nPag. 1 di 2\n20/01/2022\nTROCORPORATION\nCONSULENZAE GESTIONE RIFIUTI\nTipologia rifiuto\nCER\nDESCRIZIONE\nSF\nADR\n160211\nApparecchiature contenenti clorofluorocarburi\nSolido non pulverulento\nClasse Pericolo:\nHP5\nDestino:\nR13\nConfezionamento:\nNR 2 FRIGO\nDestinazione:\nEUROCORPORATION\n160214\nMateriale elettrico non pericoloso\nSolido non pulverulento\nClasse Pericolo:\nDestino:\nR13\nConfezionamento:\nNR 1 CASSA DA RIEMPIRE AL MOMENTO DEL RITIRO\nDestinazione:\nEUROCORPORATION\n160213\nMateriale elettrico pericoloso\nSolido non pulverulento\nClasse Pericolo:\nHP5\nDestino:\nR13\nConfezionamento:\nNR 1 CASSA DA RIEMPIRE AL MOMENTO DEL RITIRO\nDestinazione:\nEUROCORPORATION\nIMPORTANTE LEGGERE PRIMA DI PARTIRE:\nAUTISTA CHE AIUTA IL CLIENTE AL CARICO SEGNARE ATTESA.\nPORTARE TRANSPALLET + ETICHETTE + NR 2 CASSE PER TRASPORTO.\nCONSEGNA NR 1 BB ONU + NR 2 FUSTI ONU 30LT CON DDT DI VENDITA.\nDA COMPILARE:\nORA DI INIZIO:\nN. PERSONE\nMANODOPERA\nORA DI FINE:\nORA PARTENZA DA EUROCORPORATION:\nORA RIENTRO IN EUROCORPORATION:\nUTILIZZO RAGNO\nORA DI INIZIO:\nORA DI FINE:\nATTESA AL CARICO\nORA ARRIVO:\nORA PARTENZA:\nATTESA ALLO SCARICO\nORA ARRIVO:\nORA PARTENZA:\nZTL\nSI\nNO\nFIRMA PER PRESA VISIONE\nEUROCORPORATION S.r.l. C.F. P.iva 05235640488 R.E.A. 531452 Capitale Sociale € 100.000,000\nVia de' Cattani 178 - 50145 Firenze / Tel. 055 7222419 Fax 055 7227520\ninfo@eurocorporation.it / info@pec.eurocorporation.it / www.eurocorporation.it\nPag. 2 di 2\n20/01/2022\n", "form": [{"box": [314, 432, 419, 457], "text": "2G2 SRL", "label": "PRODUTTORE", "words": [{"box": [314, 432, 366, 457], "text": "2G2"}, {"box": [373, 433, 419, 457], "text": "SRL"}], "linking": [], "id": 0}, {"box": [1251, 432, 1357, 457], "text": "2G2 SRL", "label": "CLIENTE", "words": [{"box": [1251, 432, 1304, 457], "text": "2G2"}, {"box": [1310, 433, 1357, 457], "text": "SRL"}], "linking": [], "id": 1}, {"box": [312, 525, 796, 555], "text": "VIA VOLTA 29 50041 CALENZANO (FI)", "label": "UNIT.LOC", "words": [{"box": [312, 527, 360, 551], "text": "VIA"}, {"box": [359, 527, 453, 551], "text": "VOLTA"}, {"box": [459, 527, 492, 551], "text": "29"}, {"box": [499, 527, 580, 551], "text": "50041"}, {"box": [587, 526, 747, 551], "text": "CALENZANO"}, {"box": [755, 525, 796, 555], "text": "(FI)"}], "linking": [], "id": 2}, {"box": [1248, 526, 1776, 551], "text": "Tommaso Orlandini - Mob. 393 8849987", "label": "OPERATORE", "words": [{"box": [1248, 527, 1378, 551], "text": "Tommaso"}, {"box": [1385, 526, 1508, 551], "text": "Orlandini"}, {"box": [1513, 537, 1524, 545], "text": "-"}, {"box": [1531, 526, 1598, 550], "text": "Mob."}, {"box": [1607, 526, 1776, 551], "text": "393 8849987"}], "linking": [], "id": 3}, {"box": [314, 620, 457, 644], "text": "BEATRICE -", "label": "REFERENTE", "words": [{"box": [314, 620, 444, 644], "text": "BEATRICE"}, {"box": [445, 631, 457, 639], "text": "-"}], "linking": [], "id": 4}, {"box": [1251, 621, 1429, 645], "text": "05205580482", "label": "CFPRODUTTORE", "words": [{"box": [1251, 621, 1429, 645], "text": "05205580482"}], "linking": [], "id": 5}, {"box": [314, 682, 475, 706], "text": "0558826364", "label": "TELEFONO", "words": [{"box": [314, 682, 475, 706], "text": "0558826364"}], "linking": [], "id": 6}, {"box": [1254, 681, 1462, 712], "text": "2g2srl@2g2srl.it", "label": "EMAIL_CLIENTE", "words": [{"box": [1254, 681, 1462, 712], "text": "2g2srl@2g2srl.it"}], "linking": [], "id": 7}, {"box": [334, 743, 488, 772], "text": "20/01/2022", "label": "DATARICHIESTA", "words": [{"box": [334, 743, 488, 772], "text": "20/01/2022"}], "linking": [], "id": 8}, {"box": [834, 745, 906, 768], "text": "15:00", "label": "ORARIO_RICHIESTA", "words": [{"box": [834, 745, 906, 768], "text": "15:00"}], "linking": [], "id": 9}, {"box": [1254, 744, 1462, 774], "text": "2g2srl@2g2srl.it", "label": "EMAIL_PRODUTTORE", "words": [{"box": [1254, 744, 1462, 774], "text": "2g2srl@2g2srl.it"}], "linking": [], "id": 10}, {"box": [1634, 2638, 1763, 2660], "text": "20/01/2022", "label": "DATARICHIESTA", "words": [{"box": [1634, 2638, 1763, 2660], "text": "20/01/2022"}], "linking": [], "id": 11}, {"box": [1634, 2638, 1763, 2660], "text": "20/01/2022", "label": "DATARICHIESTA", "words": [{"box": [1634, 2638, 1763, 2660], "text": "20/01/2022"}], "linking": [], "id": 12}]}]