[{"documentName": "3_2022-05-16_16:02:15.1.txt", "document": "UROCORPORATION\nCONSULENZAE GESTIONE RIFIUTI\nPER AUTISTA\nPER UFFICIO\nPRODUTTORE\nALSTOM FERROVIA SPA\nCLIENTE\nSISEA SRL\nUnit. Loc.\nFIRENZE - Via del Romito 7 50134 FIRENZE (FI)\nOperatore\nGuergana Stoyanova - Mob. 346 8704488\nReferente\nDONATO\nCF Produttore\n07984290010\nTelefono\n3497278444\nEmail Cliente\nvalentina.ribaudi@siseasrl.com\nData Richiesta\n17/02/2022\nOrario richiesta\n10:00\nEmail Produttore\nvalentina.ribaudi@siseasrl.com\nORARI\nZTL\nMattina\nDalle\n08:00\nAlle\n12:00\nPER LA LOGISTICA:\nPomeriggio\nDalle\n14:00\nAlle\n17:00\nSCHEDA FATTA DA MATILDE.\nCHIAMARE IL GIORNO PRIMA PER CONFERMA DATA ED ORARIO,\nVEICOLO RICHIESTO\nINV....@.\nCONSEGNARE 4 CASSE CON DDT DI NOLEGGIO + 2 BIG BAG ONU\nCON DDT DI VENDITA\nMEZZO IN OFFERTA: FURGONI E MOTRICI\ntps://www.google.com/maps/place/Via+del+Parlamento+Europ\n,+7,+50018+Scandicci+Fl/@43.7639263,11.1553886,17z/da\n3m1!4b1!4m5!3m4!\n1s0x132a5a0969e57383:0x247c2beaf642f4e5!8m2!\n3d43.7639263!4d11.1575773\nTipologia rifiuto\nCER\nDESCRIZIONE\nSF\nADR\n150110.1\nImballaggi contenenti residui di sostanze pericolose o contaminati da tali sostanze\nSolido non pulverulento\nClasse Pericolo:\nDestino:\nR13\nConfezionamento:\n2 BB\nDestinazione:\n150111\nBombolette spray\nClasse Pericolo:\nDestino:\nConfezionamento:\nDestinazione:\n161002\nRifiuti liquidi acquosi\nLiquido\nClasse Pericolo:\nHP14\nDestino:\nR13\nConfezionamento:\n2 CISTERNETTE DA 1000LT\nDestinazione:\nPRODURRE PULITO- RIF. RDP 155445 DEL 12/07/21\nEUROCORPORATION S.r.l. C.F. P.iva 05235640488 R.E.A. 531452 Capitale Sociale € 100.000,000\nVia de' Cattani 178 - 50145 Firenze / Tel. 055 7222419 Fax 055 7227520\ninfo@eurocorporation.it / info@pec.eurocorporation.it www.eurocorporation.it\nPag. 1 di 2\n17/02/2022\nROCORPORATION\nCONSULENZAE GESTIONE RIFIUTI\nIMPORTANTE LEGGERE PRIMA DI PARTIRE:\nPER AUTISTA: CHIAMA IL CLIENTE ALMENO MEZZORA PRIMA DEL TUO ARRIVO\nDA COMPILARE:\nORA DI INIZIO:\nN. PERSONE\nMANODOPERA\nORA DI FINE:\nORA PARTENZA DA EUROCORPORATION:\nORA RIENTRO IN EUROCORPORATION:\nUTILIZZO RAGNO\nORA DI INIZIO:\nORA DI FINE:\nATTESA AL CARICO\nORA ARRIVO:\nORA PARTENZA:\nATTESA ALLO SCARICO\nORA ARRIVO:\nORA PARTENZA:\nZTL\nSI\nNO\nFIRMA PER PRESA VISIONE\nEUROCORPORATION S.r.l. C.F. P.iva 05235640488 R.E.A. 531452 Capitale Sociale € 100.000,000\nVia de' Cattani 178 - 50145 Firenze / Tel. 055 7222419 Fax 055 7227520\ninfo@eurocorporation.it / info@pec.eurocorporation.it / www.eurocorporation.it\nPag. 2 di 2\n17/02/2022\n", "form": [{"box": [311, 433, 620, 457], "text": "ALSTOM FERROVIA SPA", "label": "PRODUTTORE", "words": [{"box": [311, 433, 423, 457], "text": "ALSTOM"}, {"box": [432, 433, 563, 457], "text": "FERROVIA"}, {"box": [569, 433, 620, 457], "text": "SPA"}], "linking": [[0, 2, "PER AUTISTA"]], "id": 0}, {"box": [1250, 433, 1376, 457], "text": "SISEA SRL", "label": "CLIENTE", "words": [{"box": [1250, 433, 1323, 457], "text": "SISEA"}, {"box": [1329, 433, 1376, 456], "text": "SRL"}], "linking": [[1, 3, "PER UFFICIO"]], "id": 1}, {"box": [313, 525, 916, 556], "text": "FIRENZE - Via del Romito 7 50134 FIRENZE (FI)", "label": "UNIT.LOC", "words": [{"box": [313, 527, 421, 550], "text": "FIRENZE"}, {"box": [426, 538, 437, 544], "text": "-"}, {"box": [443, 527, 485, 550], "text": "Via"}, {"box": [492, 526, 532, 550], "text": "del"}, {"box": [540, 527, 635, 550], "text": "Romito"}, {"box": [642, 527, 658, 550], "text": "7"}, {"box": [672, 527, 753, 550], "text": "50134"}, {"box": [760, 527, 868, 550], "text": "FIRENZE"}, {"box": [875, 525, 916, 556], "text": "(FI)"}], "linking": [[0, 2, "PER AUTISTA"]], "id": 2}, {"box": [1250, 526, 1789, 556], "text": "Guergana Stoyanova - Mob. 346 8704488", "label": "OPERATORE", "words": [{"box": [1250, 526, 1377, 556], "text": "Guergana"}, {"box": [1383, 527, 1519, 556], "text": "Stoyanova"}, {"box": [1526, 538, 1537, 544], "text": "-"}, {"box": [1544, 527, 1612, 551], "text": "Mob."}, {"box": [1621, 526, 1789, 551], "text": "346 8704488"}], "linking": [[1, 3, "PER UFFICIO"]], "id": 3}, {"box": [314, 621, 435, 644], "text": "DONATO", "label": "REFERENTE", "words": [{"box": [314, 621, 435, 644], "text": "DONATO"}], "linking": [[4, 6, "PER AUTISTA"]], "id": 4}, {"box": [1250, 621, 1430, 645], "text": "07984290010", "label": "CFPRODUTTORE", "words": [{"box": [1250, 621, 1430, 645], "text": "07984290010"}], "linking": [[5, 7, "PER UFFICIO"]], "id": 5}, {"box": [314, 683, 476, 706], "text": "3497278444", "label": "TELEFONO", "words": [{"box": [314, 683, 476, 706], "text": "3497278444"}], "linking": [[4, 6, "PER AUTISTA"]], "id": 6}, {"box": [1250, 682, 1650, 710], "text": "valentina.ribaudi@siseasrl.com", "label": "EMAIL_CLIENTE", "words": [{"box": [1250, 682, 1650, 710], "text": "valentina.ribaudi@siseasrl.com"}], "linking": [[5, 7, "PER UFFICIO"]], "id": 7}, {"box": [334, 743, 489, 772], "text": "17/02/2022", "label": "DATARICHIESTA", "words": [{"box": [334, 743, 489, 772], "text": "17/02/2022"}], "linking": [[8, 9, "PER AUTISTA"]], "id": 8}, {"box": [834, 745, 906, 768], "text": "10:00", "label": "ORARIO_RICHIESTA", "words": [{"box": [834, 745, 906, 768], "text": "10:00"}], "linking": [[8, 9, "PER AUTISTA"]], "id": 9}, {"box": [1243, 744, 1658, 773], "text": "valentina.ribaudi@siseasrl.com", "label": "EMAIL_PRODUTTORE", "words": [{"box": [1243, 744, 1658, 773], "text": "valentina.ribaudi@siseasrl.com"}], "linking": [], "id": 10}, {"box": [1635, 2638, 1763, 2660], "text": "17/02/2022", "label": "DATARICHIESTA", "words": [{"box": [1635, 2638, 1763, 2660], "text": "17/02/2022"}], "linking": [], "id": 11}, {"box": [1635, 2638, 1763, 2660], "text": "17/02/2022", "label": "DATARICHIESTA", "words": [{"box": [1635, 2638, 1763, 2660], "text": "17/02/2022"}], "linking": [], "id": 12}]}]