[{"documentName": "4_2022-05-16_16:02:22.4.txt", "document": "UROCORPORATION\nCONSULENZAE GESTIONE RIFIUTI\nPER AUTISTA\nPER UFFICIO\nPRODUTTORE\nALSTOM FERROVIA SPA\nCLIENTE\nSISEA SRL\nUnit. Loc.\nFIRENZE - Via del Romito 7 50134 FIRENZE (FI)\nOperatore\nGuergana Stoyanova - Mob. 346 8704488\nReferente\nLuca Spadi\nCF Produttore\n07984290010\nTelefono\n3423261346\nEmail Cliente\nvalentina.ribaudi@siseasrl.com\nData Richiesta\n20/01/2022\nOrario richiesta\n09:00\nEmail Produttore\nvalentina.ribaudi@siseasrl.com\nORARI\nZTL\nMattina\nDalle\n09:00\nAlle\nPER LA LOGISTICA:\nPomeriggio\nDalle\nAlle\n16:00\nINTERMEDIARIO SISEA PRIMA DEL RITIRO MANDARE UNA\nSCANSIONE DEI FIR A Valentina Ribaudi\nVEICOLO RICHIESTO\n(valentina.ribaudi@siseasrl.com)\nA SCELTA TRA IL 24/25/26 GENNAIO 09-16\nHANNO IL MULETTO PER IL CARICO\nMEZZI IN OFFERTA: TUTTE LE MOTRICI E FURGONI\nTipologia rifiuto\nCER\nDESCRIZIONE\nSF\nADR\n130206\nScarti di olio sintetico per motori, ingranaggi e lubrificazione\nLiquido\nClasse Pericolo:\nHP4-5-14\nDestino:\nConfezionamento:\n5 FUSTI SU 2 PALLET\nECOVIP - ADR UN3082 MATERIA PERICOLOSA DAL PUNTO DI VISTA DELL'AMBIENTE, LIQUIDA N.A.S. (acque di lavaggio\nDestinazione:\ncontenenti olio) - 9 - III (-) Limite esenzione 1.1.3.6: 1000 L\n150203\nAssorbenti, materiali filtranti, stracci e indumenti protettivi non pericolosi\nSolido non pulverulento\nClasse Pericolo:\nDestino:\nR13\nConfezionamento:\n1 BIG BAG DI FILTRI ARA NELLE ANNOTAZIONI SCRIVERE \"FILTRI ARIA\"\nDestinazione:\nECOVIP \"FILTRI ARIA\"\n160107\nFiltri dell'olio\nSolido non pulverulento\nClasse Pericolo:\nHP4 HP5 HP14\nDestino:\nR13\nConfezionamento:\n1 FUSTO\nECOVIP - UN3548 OGGETTI CONTENENTI MERCI PERICOLOSE DIVERSE, N.A.S. (filtri contenenti olio) - 9 - ELimite\nDestinazione:\nesenzione 1.1.3.6: illimitato\n160112\nPastiglie per freni\nSolido non pulverulento\nClasse Pericolo:\nDestino:\nR13\nConfezionamento:\n1 BIG BAG\nEUROCORPORATION S.r.l. C.F. P.iva 05235640488 R.E.A. 531452 Capitale Sociale € 100.000,000\nVia de' Cattani 178 - 50145 Firenze / Tel. 055 7222419 Fax 055 7227520\ninfo@eurocorporation.it / info@pec.eurocorporation.it www.eurocorporation.it\nPag. 1 di 2\n20/01/2022\nTROCORPORATION\nCONSULENZAE GESTIONE RIFIUTI\nTipologia rifiuto\nCER\nDESCRIZIONE\nSF\nADR\nDestinazione:\nECOVIP\n160121\nComponenti pericolosi diversi\nSolido non pulverulento\nClasse Pericolo:\nHP 4-5-14\nDestino:\nR13\nConfezionamento:\n1 BIG BAG\nECOVIP - ADR UN3548 OGGETTI CONTENENTI MERCI PERICOLOSE DIVERSE, N.A.S. (materiale ferroso contenente\nDestinazione:\nsostanze pericolose) - 9 - E\n160505\nEstintori a polvere, schiuma e CO2\nSolido non pulverulento\nClasse Pericolo:\nDestino:\nR13\nConfezionamento:\n1 FUSTO CON DENTRO ESTINTORI A POLVERE\nDestinazione:\nECOVIP\nIMPORTANTE LEGGERE PRIMA DI PARTIRE:\nPER AUTISTA: ENTRA DA VIA SCIPIO SIGHELE 1 - PER ARRIVARCI DEVI ASSARE DA VIA CIRCONDARIA E DOPO IL\nPONTE GIRARE SUBITO A DESTRA (CE' GRANDE CURVA)\nPER AUTISTA: FAI FIRMARE I FORMULARI SOLO DA LUCA SPADI/DONATO/DOMENICO\nINTERMEDIARIO SISEA.\nDA COMPILARE:\nORA DI INIZIO:\nN. PERSONE\nMANODOPERA\nORA DI FINE:\nORA PARTENZA DA EUROCORPORATION:\nORA RIENTRO IN EUROCORPORATION:\nUTILIZZO RAGNO\nORA DI INIZIO:\nORA DI FINE:\nATTESA AL CARICO\nORA ARRIVO:\nORA PARTENZA:\nATTESA ALLO SCARICO\nORA ARRIVO:\nORA PARTENZA:\nZTL\nSI\nNO\nFIRMA PER PRESA VISIONE\nEUROCORPORATION S.r.l. C.F. P.iva 05235640488 R.E.A. 531452 Capitale Sociale € 100.000,000\nVia de' Cattani 178 - 50145 Firenze / Tel. 055 7222419 Fax 055 7227520\ninfo@eurocorporation.it / info@pec.eurocorporation.it / www.eurocorporation.it\nPag. 2 di 2\n20/01/2022\n", "form": [{"box": [311, 433, 620, 457], "text": "ALSTOM FERROVIA SPA", "label": "PRODUTTORE", "words": [{"box": [311, 433, 423, 457], "text": "ALSTOM"}, {"box": [432, 433, 563, 457], "text": "FERROVIA"}, {"box": [569, 433, 620, 457], "text": "SPA"}], "linking": [], "id": 0}, {"box": [1329, 433, 1376, 456], "text": "SRL", "label": "CLIENTE", "words": [{"box": [1329, 433, 1376, 456], "text": "SRL"}], "linking": [], "id": 1}, {"box": [313, 525, 916, 556], "text": "FIRENZE - Via del Romito 7 50134 FIRENZE (FI)", "label": "UNIT.LOC", "words": [{"box": [313, 527, 421, 550], "text": "FIRENZE"}, {"box": [427, 538, 437, 544], "text": "-"}, {"box": [443, 527, 485, 550], "text": "Via"}, {"box": [492, 526, 532, 550], "text": "del"}, {"box": [540, 527, 635, 550], "text": "Romito"}, {"box": [642, 527, 658, 550], "text": "7"}, {"box": [672, 527, 753, 550], "text": "50134"}, {"box": [760, 527, 868, 550], "text": "FIRENZE"}, {"box": [875, 525, 916, 556], "text": "(FI)"}], "linking": [[2, 4, "PER AUTISTA"]], "id": 2}, {"box": [1250, 526, 1789, 556], "text": "Guergana Stoyanova - Mob. 346 8704488", "label": "OPERATORE", "words": [{"box": [1250, 526, 1377, 556], "text": "Guergana"}, {"box": [1383, 527, 1519, 556], "text": "Stoyanova"}, {"box": [1526, 538, 1537, 544], "text": "-"}, {"box": [1544, 527, 1612, 551], "text": "Mob."}, {"box": [1621, 526, 1789, 551], "text": "346 8704488"}], "linking": [[3, 5, "PER UFFICIO"]], "id": 3}, {"box": [313, 620, 458, 649], "text": "Luca Spadi", "label": "REFERENTE", "words": [{"box": [313, 621, 372, 645], "text": "Luca"}, {"box": [387, 620, 458, 649], "text": "Spadi"}], "linking": [[2, 4, "PER AUTISTA"]], "id": 4}, {"box": [1250, 621, 1430, 645], "text": "07984290010", "label": "CFPRODUTTORE", "words": [{"box": [1250, 621, 1430, 645], "text": "07984290010"}], "linking": [[3, 5, "PER UFFICIO"]], "id": 5}, {"box": [321, 683, 483, 706], "text": "3423261346", "label": "TELEFONO", "words": [{"box": [321, 683, 483, 706], "text": "3423261346"}], "linking": [[6, 8, "PER AUTISTA"]], "id": 6}, {"box": [1250, 682, 1651, 710], "text": "valentina.ribaudi@siseasrl.com", "label": "EMAIL_CLIENTE", "words": [{"box": [1250, 682, 1651, 710], "text": "valentina.ribaudi@siseasrl.com"}], "linking": [[7, 10, "PER UFFICIO"]], "id": 7}, {"box": [334, 743, 488, 772], "text": "20/01/2022", "label": "DATARICHIESTA", "words": [{"box": [334, 743, 488, 772], "text": "20/01/2022"}], "linking": [[6, 8, "PER AUTISTA"], [8, 9, "PER AUTISTA"]], "id": 8}, {"box": [833, 745, 906, 768], "text": "09:00", "label": "ORARIO_RICHIESTA", "words": [{"box": [833, 745, 906, 768], "text": "09:00"}], "linking": [[8, 9, "PER AUTISTA"]], "id": 9}, {"box": [1252, 744, 1655, 773], "text": "valentina.ribaudi@siseasrl.com", "label": "EMAIL_PRODUTTORE", "words": [{"box": [1252, 744, 1655, 773], "text": "valentina.ribaudi@siseasrl.com"}], "linking": [[7, 10, "PER UFFICIO"]], "id": 10}]}]