[{"documentName": "2_2022-05-16_16:02:08.8.txt", "document": "UROCORPORATION\nCONSULENZAE GESTIONE RIFIUTI\nPER AUTISTA\nPER UFFICIO\nPRODUTTORE\nSPAZIO SOC COOP\nCLIENTE\nSPAZIO SOC COOP\nUnit. Loc.\nVia S. Agostino, 2 51100 PISTOIA (PT)\nOperatore\nFrancesca Buffolino - Mob. 327 6613420\nReferente\nMICHELE\nCF Produttore\n06721950480\nTelefono\n3395833947\nEmail Cliente\nmagazzinologistical@gmail.com\nData Richiesta\n19/01/2022\nOrario richiesta\n10:00\nEmail Produttore\nmagazzinologistical@gmail.com\nORARI\nZTL\nMattina\nDalle\n09:00\nAlle\n13:00\nPER LA LOGISTICA:\nPomeriggio\nDalle\n14:00\nAlle\n17:00\nSCHEDA FATTA DA MATILDE.\nCHIAMARE PER COMUNICARE GIORNO E ORARIO.\nVEICOLO RICHIESTO\nPREFERIBILMENTE IL POMERIGGIO\nCHIAMARE MICHELE AL 339/5833947 UN'ORA PRIMA DI\nARRIVARE.\nCAMBIO CASSONE 30MC COPERTO.\nTipologia rifiuto\nCER\nDESCRIZIONE\nSF\nADR\n200307.\nIngombranti - materassi, divani, poltrone, cuscini, etc.\nSolido non pulverulento\nClasse Pericolo:\nDestino:\nR13\nConfezionamento:\nCASSONE 30MC\nDestinazione:\nEUROCORPORATION\nEUROCORPORATION S.r.l. C.F. P.iva 05235640488 R.E.A. 531452 Capitale Sociale € 100.000,000\nVia de' Cattani 178 - 50145 Firenze / Tel. 055 7222419 Fax 055 7227520\ninfo@eurocorporation.it / info@pec.eurocorporation.it / www.eurocorporation.it\nPag. 1 di 2\n19/01/2022\nROCORPORATION\nCONSULENZAE GESTIONE RIFIUTI\nIMPORTANTE LEGGERE PRIMA DI PARTIRE:\nCHIAMARE MICHELE AL 339/5833947 UN'ORA PRIMA DI ARRIVARE\nCAMBIO CASSONE 30MC COPERTO.\nDA COMPILARE:\nORA DI INIZIO:\nN. PERSONE\nMANODOPERA\nORA DI FINE:\nORA PARTENZA DA EUROCORPORATION:\nORA RIENTRO IN EUROCORPORATION:\nUTILIZZO RAGNO\nORA DI INIZIO:\nORA DI FINE:\nATTESA AL CARICO\nORA ARRIVO:\nORA PARTENZA:\nATTESA ALLO SCARICO\nORA ARRIVO:\nORA PARTENZA:\nZTL\nSI\nNO\nFIRMA PER PRESA VISIONE\nEUROCORPORATION S.r.l. C.F. P.iva 05235640488 R.E.A. 531452 Capitale Sociale € 100.000,000\nVia de' Cattani 178 - 50145 Firenze / Tel. 055 7222419 Fax 055 7227520\ninfo@eurocorporation.it / info@pec.eurocorporation.it / www.eurocorporation.it\nPag. 2 di 2\n19/01/2022\n", "form": [{"box": [313, 432, 550, 457], "text": "SPAZIO SOC COOP", "label": "PRODUTTORE", "words": [{"box": [313, 432, 406, 457], "text": "SPAZIO"}, {"box": [413, 432, 468, 457], "text": "SOC"}, {"box": [475, 433, 550, 457], "text": "COOP"}], "linking": [[0, 2, "PER AUTISTA"]], "id": 0}, {"box": [1250, 432, 1488, 457], "text": "SPAZIO SOC COOP", "label": "CLIENTE", "words": [{"box": [1250, 432, 1344, 457], "text": "SPAZIO"}, {"box": [1351, 432, 1406, 457], "text": "SOC"}, {"box": [1412, 433, 1488, 457], "text": "COOP"}], "linking": [[1, 3, "PER UFFICIO"]], "id": 1}, {"box": [312, 525, 793, 556], "text": "Via S. Agostino, 2 51100 PISTOIA (PT)", "label": "UNIT.LOC", "words": [{"box": [312, 527, 354, 551], "text": "Via"}, {"box": [361, 527, 383, 551], "text": "S."}, {"box": [391, 527, 513, 556], "text": "Agostino,"}, {"box": [521, 527, 537, 551], "text": "2"}, {"box": [545, 527, 626, 551], "text": "51100"}, {"box": [634, 527, 736, 551], "text": "PISTOIA"}, {"box": [743, 525, 793, 555], "text": "(PT)"}], "linking": [[0, 2, "PER AUTISTA"], [2, 4, "PER AUTISTA"]], "id": 2}, {"box": [1251, 526, 1775, 551], "text": "Francesca Buffolino - Mob. 327 6613420", "label": "OPERATORE", "words": [{"box": [1251, 527, 1378, 551], "text": "Francesca"}, {"box": [1386, 526, 1507, 551], "text": "Buffolino"}, {"box": [1512, 537, 1523, 544], "text": "-"}, {"box": [1530, 526, 1598, 550], "text": "Mob."}, {"box": [1606, 526, 1775, 551], "text": "327 6613420"}], "linking": [[1, 3, "PER UFFICIO"]], "id": 3}, {"box": [314, 621, 436, 645], "text": "MICHELE", "label": "REFERENTE", "words": [{"box": [314, 621, 436, 645], "text": "MICHELE"}], "linking": [[2, 4, "PER AUTISTA"], [4, 6, "PER AUTISTA"]], "id": 4}, {"box": [1250, 621, 1430, 645], "text": "06721950480", "label": "CFPRODUTTORE", "words": [{"box": [1250, 621, 1430, 645], "text": "06721950480"}], "linking": [], "id": 5}, {"box": [314, 683, 475, 706], "text": "3395833947", "label": "TELEFONO", "words": [{"box": [314, 683, 475, 706], "text": "3395833947"}], "linking": [[4, 6, "PER AUTISTA"], [6, 8, "PER AUTISTA"]], "id": 6}, {"box": [1250, 683, 1672, 712], "text": "magazzinologistical@gmail.com", "label": "EMAIL_PRODUTTORE", "words": [{"box": [1250, 683, 1672, 712], "text": "magazzinologistical@gmail.com"}], "linking": [[7, 10, "PER UFFICIO"]], "id": 7}, {"box": [334, 743, 488, 772], "text": "19/01/2022", "label": "DATARICHIESTA", "words": [{"box": [334, 743, 488, 772], "text": "19/01/2022"}], "linking": [[6, 8, "PER AUTISTA"]], "id": 8}, {"box": [834, 745, 906, 768], "text": "10:00", "label": "ORARIO_RICHIESTA", "words": [{"box": [834, 745, 906, 768], "text": "10:00"}], "linking": [], "id": 9}, {"box": [1255, 744, 1673, 774], "text": "magazzinologistical@gmail.com", "label": "EMAIL_PRODUTTORE", "words": [{"box": [1255, 744, 1673, 774], "text": "magazzinologistical@gmail.com"}], "linking": [[7, 10, "PER UFFICIO"]], "id": 10}, {"box": [1635, 2638, 1763, 2660], "text": "19/01/2022", "label": "DATARICHIESTA", "words": [{"box": [1635, 2638, 1763, 2660], "text": "19/01/2022"}], "linking": [], "id": 11}, {"box": [255, 362, 395, 389], "text": "MICHELE", "label": "REFERENTE", "words": [{"box": [255, 362, 395, 389], "text": "MICHELE"}], "linking": [], "id": 12}, {"box": [1635, 2638, 1763, 2660], "text": "19/01/2022", "label": "DATARICHIESTA", "words": [{"box": [1635, 2638, 1763, 2660], "text": "19/01/2022"}], "linking": [], "id": 13}]}]